[
  {
    "Sifra": "GbKR5f4c",
    "Pacijent": {
      "Termin": [],
      "KartonPacijenta": {
        "alergen": [
          {
            "Naziv": "Kikiriki"
          }
        ],
        "izvrseniPregled": [
          {
            "Sifra": "IeSQPZQO",
            "Datum": "2021-05-28T00:00:00",
            "TipTermina": 0,
            "Lekar": {
              "termin": null,
              "specijalizacija": [
                {
                  "Naziv": "Hirurgija"
                }
              ],
              "MestoRodjenja": null,
              "Korisnik": {
                "KorisnickoIme": "srdjan",
                "Lozinka": "srdjan",
                "TipKorisnika": 3,
                "osoba": null
              },
              "AdresaStanovanja": null,
              "Ime": "Srdjan",
              "Prezime": "Beric",
              "Email": null,
              "Jmbg": "00012312",
              "DatumRodjenja": "0001-01-01T00:00:00",
              "Pol": 0,
              "KontaktTelefon": null
            },
            "anamneza": {
              "Opis": "aaaa"
            },
            "recept": {
              "Lekovi": {
                "ZamenaZaLek": [
                  {
                    "ZamenaZaLek": [
                      {
                        "ZamenaZaLek": [],
                        "Sifra": "bio",
                        "Naziv": "Bio Oil",
                        "Sastojci": "kikiriki, carape",
                        "Opis": "a"
                      }
                    ],
                    "Sifra": "andol",
                    "Naziv": "Andol",
                    "Sastojci": "kakao, so, paradajz",
                    "Opis": "sadasas"
                  }
                ],
                "Sifra": "bio",
                "Naziv": "Bio Oil",
                "Sastojci": "carape,\r\nkikiriki",
                "Opis": "a"
              },
              "DatumIzdavanja": "0001-01-01T00:00:00",
              "VremenskiPeriodUzimanjaLeka": 2,
              "OpisLeka": "ssss"
            },
            "Beleska": null
          }
        ],
        "Sifra": null,
        "pacijent": {
          "Termin": null,
          "KartonPacijenta": null,
          "MestoRodjenja": null,
          "Korisnik": null,
          "AdresaStanovanja": null,
          "Ime": null,
          "Prezime": null,
          "Email": null,
          "Jmbg": "1706999805047",
          "DatumRodjenja": "0001-01-01T00:00:00",
          "Pol": 0,
          "KontaktTelefon": null
        }
      },
      "MestoRodjenja": {
        "Ime": "Novi Sad",
        "drzava": {
          "Ime": "Srbija"
        }
      },
      "Korisnik": {
        "KorisnickoIme": "saska",
        "Lozinka": "saska",
        "TipKorisnika": 2,
        "osoba": null
      },
      "AdresaStanovanja": {
        "Ulica": "tolstojeva",
        "Broj": 10,
        "Sprat": 4,
        "Stan": 23,
        "grad": {
          "Ime": "Novi Sad",
          "drzava": {
            "Ime": "Srbija"
          }
        }
      },
      "Ime": "Aleksandra",
      "Prezime": "Mirkovic",
      "Email": "alex@gmail.com",
      "Jmbg": "1706999805047",
      "DatumRodjenja": "1999-06-17T00:00:00",
      "Pol": 1,
      "KontaktTelefon": "069652253"
    },
    "Sala": {
      "oprema": [
        {
          "Naziv": "Zavoji",
          "Kolicina": 2,
          "Tip": 1,
          "NazivSale": "NTP 2"
        },
        {
          "Naziv": "Spricevi",
          "Kolicina": 5,
          "Tip": 1,
          "NazivSale": "NTP 2"
        },
        {
          "Naziv": "Kreveti",
          "Kolicina": 10,
          "Tip": 0,
          "NazivSale": "NTP 2"
        }
      ],
      "Tip": 4,
      "Naziv": "NTP 2",
      "Sprat": 2,
      "Sifra": "ntp2",
      "NazivSprat": "NTP 2 2"
    },
    "DatumPocetka": "2021-05-24T00:00:00",
    "DatumZavrsetka": "2021-05-28T00:00:00"
  }
]