[
  {
    "termin": null,
    "specijalizacija": [
      {
        "Naziv": "Hirurgija"
      }
    ],
    "MestoRodjenja": null,
    "Korisnik": {
      "KorisnickoIme": "srdjan",
      "Lozinka": "srdjan",
      "TipKorisnika": 3,
      "osoba": null
    },
    "AdresaStanovanja": null,
    "Ime": "Srdjan",
    "Prezime": "Beric",
    "Email": null,
    "Jmbg": "00012312",
    "DatumRodjenja": "0001-01-01T00:00:00",
    "Pol": 0,
    "KontaktTelefon": null
  },
  {
    "termin": null,
    "specijalizacija": [
      {
        "Naziv": "Hirurgija"
      }
    ],
    "MestoRodjenja": null,
    "Korisnik": {
      "KorisnickoIme": "mitar",
      "Lozinka": "m",
      "TipKorisnika": 3,
      "osoba": null
    },
    "AdresaStanovanja": null,
    "Ime": "Mitar",
    "Prezime": "Brankovic",
    "Email": null,
    "Jmbg": "170892634",
    "DatumRodjenja": "0001-01-01T00:00:00",
    "Pol": 0,
    "KontaktTelefon": null
  },
  {
    "termin": [],
    "specijalizacija": [
      {
        "Naziv": "Hirurgija"
      }
    ],
    "MestoRodjenja": {
      "Ime": "Zrenjanin",
      "drzava": {
        "Ime": "Srbija"
      }
    },
    "Korisnik": {
      "KorisnickoIme": "darko",
      "Lozinka": "darko",
      "TipKorisnika": 3,
      "osoba": null
    },
    "AdresaStanovanja": {
      "Ulica": "ulica",
      "Broj": 32,
      "Sprat": 1,
      "Stan": 1,
      "grad": {
        "Ime": "Zrenjanin",
        "drzava": {
          "Ime": "Srbija"
        }
      }
    },
    "Ime": "Darko",
    "Prezime": "Vrbaski",
    "Email": "darko@ac.rs",
    "Jmbg": "423234256",
    "DatumRodjenja": "1999-05-04T00:00:00",
    "Pol": 0,
    "KontaktTelefon": "12412412"
  }
]