[
  {
    "ZamenaZaLek": [
      {
        "ZamenaZaLek": [],
        "Sifra": "bio",
        "Naziv": "Bio Oil",
        "Sastojci": "a",
        "Opis": "a"
      },
      {
        "ZamenaZaLek": [
          {
            "ZamenaZaLek": [
              {
                "ZamenaZaLek": [
                  {
                    "ZamenaZaLek": [
                      {
                        "ZamenaZaLek": [],
                        "Sifra": "paracet",
                        "Naziv": "Paracetamol",
                        "Sastojci": "nesa",
                        "Opis": "nes"
                      }
                    ],
                    "Sifra": "bruh",
                    "Naziv": "Brufen",
                    "Sastojci": "nesto",
                    "Opis": "nesto"
                  }
                ],
                "Sifra": "paracet",
                "Naziv": "Paracetamol",
                "Sastojci": "nesa",
                "Opis": "nes"
              }
            ],
            "Sifra": "bruf",
            "Naziv": "Brufen",
            "Sastojci": "nesto",
            "Opis": "nesto"
          }
        ],
        "Sifra": "paracet",
        "Naziv": "Paracetamol",
        "Sastojci": "nesa",
        "Opis": "nes"
      },
      {
        "ZamenaZaLek": [],
        "Sifra": "andol",
        "Naziv": "Andol",
        "Sastojci": "asdad",
        "Opis": "sadasas"
      }
    ],
    "Sifra": "bruf",
    "Naziv": "Brufen",
    "Sastojci": "nesto",
    "Opis": "nesto"
  },
  {
    "ZamenaZaLek": [
      {
        "ZamenaZaLek": [
          {
            "ZamenaZaLek": [
              {
                "ZamenaZaLek": [
                  {
                    "ZamenaZaLek": [
                      {
                        "ZamenaZaLek": [],
                        "Sifra": "paracet",
                        "Naziv": "Paracetamol",
                        "Sastojci": "nesa",
                        "Opis": "nes"
                      }
                    ],
                    "Sifra": "bruh",
                    "Naziv": "Brufen",
                    "Sastojci": "nesto",
                    "Opis": "nesto"
                  }
                ],
                "Sifra": "paracet",
                "Naziv": "Paracetamol",
                "Sastojci": "nesa",
                "Opis": "nes"
              }
            ],
            "Sifra": "bruf",
            "Naziv": "Brufen",
            "Sastojci": "nesto",
            "Opis": "nesto"
          }
        ],
        "Sifra": "paracet",
        "Naziv": "Paracetamol",
        "Sastojci": "nesa",
        "Opis": "nes"
      },
      {
        "ZamenaZaLek": [],
        "Sifra": "andol",
        "Naziv": "Andol",
        "Sastojci": "asdad",
        "Opis": "sadasas"
      }
    ],
    "Sifra": "aaaa",
    "Naziv": "Defrinol",
    "Sastojci": "aaaa",
    "Opis": "aaaa"
  },
  {
    "ZamenaZaLek": [
      {
        "ZamenaZaLek": [
          {
            "ZamenaZaLek": [],
            "Sifra": "bio",
            "Naziv": "Bio Oil",
            "Sastojci": "a",
            "Opis": "a"
          },
          {
            "ZamenaZaLek": [
              {
                "ZamenaZaLek": [
                  {
                    "ZamenaZaLek": [
                      {
                        "ZamenaZaLek": [
                          {
                            "ZamenaZaLek": [],
                            "Sifra": "paracet",
                            "Naziv": "Paracetamol",
                            "Sastojci": "nesa",
                            "Opis": "nes"
                          }
                        ],
                        "Sifra": "bruh",
                        "Naziv": "Brufen",
                        "Sastojci": "nesto",
                        "Opis": "nesto"
                      }
                    ],
                    "Sifra": "paracet",
                    "Naziv": "Paracetamol",
                    "Sastojci": "nesa",
                    "Opis": "nes"
                  }
                ],
                "Sifra": "bruf",
                "Naziv": "Brufen",
                "Sastojci": "nesto",
                "Opis": "nesto"
              }
            ],
            "Sifra": "paracet",
            "Naziv": "Paracetamol",
            "Sastojci": "nesa",
            "Opis": "nes"
          },
          {
            "ZamenaZaLek": [],
            "Sifra": "andol",
            "Naziv": "Andol",
            "Sastojci": "asdad",
            "Opis": "sadasas"
          }
        ],
        "Sifra": "bruf",
        "Naziv": "Brufen",
        "Sastojci": "nesto",
        "Opis": "nesto"
      }
    ],
    "Sifra": "paracet",
    "Naziv": "Paracetamol",
    "Sastojci": "nesa",
    "Opis": "nes"
  },
  {
    "ZamenaZaLek": [],
    "Sifra": "asp",
    "Naziv": "Aspirin",
    "Sastojci": "asadasdsadasdasdasdasdasdds\r\nsdadasdsa\r\nsasd sadasd",
    "Opis": "a"
  },
  {
    "ZamenaZaLek": [
      {
        "ZamenaZaLek": [
          {
            "ZamenaZaLek": [],
            "Sifra": "bio",
            "Naziv": "Bio Oil",
            "Sastojci": "kikiriki, carape",
            "Opis": "a"
          }
        ],
        "Sifra": "andol",
        "Naziv": "Andol",
        "Sastojci": "kakao, so, paradajz",
        "Opis": "sadasas"
      }
    ],
    "Sifra": "bio",
    "Naziv": "Bio Oil",
    "Sastojci": "carape,\r\nkikiriki",
    "Opis": "a"
  },
  {
    "ZamenaZaLek": [],
    "Sifra": "cardiop",
    "Naziv": "Cardiopirin",
    "Sastojci": "kecap,\r\nkikiriki",
    "Opis": "nesto"
  },
  {
    "ZamenaZaLek": [
      {
        "ZamenaZaLek": [
          {
            "ZamenaZaLek": [
              {
                "ZamenaZaLek": [],
                "Sifra": "bio",
                "Naziv": "Bio Oil",
                "Sastojci": "a",
                "Opis": "a"
              },
              {
                "ZamenaZaLek": [
                  {
                    "ZamenaZaLek": [
                      {
                        "ZamenaZaLek": [
                          {
                            "ZamenaZaLek": [
                              {
                                "ZamenaZaLek": [],
                                "Sifra": "paracet",
                                "Naziv": "Paracetamol",
                                "Sastojci": "nesa",
                                "Opis": "nes"
                              }
                            ],
                            "Sifra": "bruh",
                            "Naziv": "Brufen",
                            "Sastojci": "nesto",
                            "Opis": "nesto"
                          }
                        ],
                        "Sifra": "paracet",
                        "Naziv": "Paracetamol",
                        "Sastojci": "nesa",
                        "Opis": "nes"
                      }
                    ],
                    "Sifra": "bruf",
                    "Naziv": "Brufen",
                    "Sastojci": "nesto",
                    "Opis": "nesto"
                  }
                ],
                "Sifra": "paracet",
                "Naziv": "Paracetamol",
                "Sastojci": "nesa",
                "Opis": "nes"
              },
              {
                "ZamenaZaLek": [],
                "Sifra": "andol",
                "Naziv": "Andol",
                "Sastojci": "asdad",
                "Opis": "sadasas"
              }
            ],
            "Sifra": "bruf",
            "Naziv": "Brufen",
            "Sastojci": "nesto",
            "Opis": "nesto"
          }
        ],
        "Sifra": "paracet",
        "Naziv": "Paracetamol",
        "Sastojci": "nesa",
        "Opis": "nes"
      }
    ],
    "Sifra": "andol",
    "Naziv": "Andol",
    "Sastojci": "asdad",
    "Opis": "sadasas"
  }
]