[
  {
    "Sifra": "3htO5y5L",
    "Lekar": {
      "termin": null,
      "specijalizacija": [
        {
          "Naziv": "Hirurgija"
        }
      ],
      "MestoRodjenja": null,
      "Korisnik": {
        "KorisnickoIme": "srdjan",
        "Lozinka": "srdjan",
        "TipKorisnika": 3,
        "osoba": null
      },
      "AdresaStanovanja": null,
      "Ime": "Srdjan",
      "Prezime": "Beric",
      "Email": null,
      "Jmbg": "00012312",
      "DatumRodjenja": "0001-01-01T00:00:00",
      "Pol": 0,
      "KontaktTelefon": null
    },
    "Lek": {
      "ZamenaZaLek": [],
      "Sifra": "asp",
      "Naziv": "Aspirin",
      "Sastojci": "asadasdsadasdasdasdasdasdds\r\nsdadasdsa\r\nsasd sadasd",
      "Opis": "a"
    },
    "Primedba": "nije dobra gramaza",
    "Datum": "2021-05-05T00:00:00+02:00"
  }
]