[
  {
    "oprema": [
      {
        "Naziv": "Stolice",
        "Kolicina": 30,
        "Tip": 0,
        "NazivSale": "Magacin"
      },
      {
        "Naziv": "Gaze",
        "Kolicina": 20,
        "Tip": 1,
        "NazivSale": "Magacin"
      },
      {
        "Naziv": "Zavoji",
        "Kolicina": 13,
        "Tip": 1,
        "NazivSale": "Magacin"
      },
      {
        "Naziv": "OPA",
        "Kolicina": 1,
        "Tip": 1,
        "NazivSale": "Magacin"
      },
      {
        "Naziv": "Kreveti",
        "Kolicina": 15,
        "Tip": 0,
        "NazivSale": "Magacin"
      }
    ],
    "Tip": 2,
    "Naziv": "Magacin",
    "Sprat": 1,
    "Sifra": "mag",
    "NazivSprat": "Magacin 1"
  },
  {
    "oprema": [
      {
        "Naziv": "Zavoji",
        "Kolicina": 5,
        "Tip": 1,
        "NazivSale": "NTP 1"
      },
      {
        "Naziv": "Kreveti",
        "Kolicina": 5,
        "Tip": 0,
        "NazivSale": "NTP 1"
      }
    ],
    "Tip": 0,
    "Naziv": "NTP 1",
    "Sprat": 1,
    "Sifra": "ntp 1",
    "NazivSprat": "NTP 1 1"
  },
  {
    "oprema": [
      {
        "Naziv": "Zavoji",
        "Kolicina": 2,
        "Tip": 1,
        "NazivSale": "NTP 2"
      },
      {
        "Naziv": "Spricevi",
        "Kolicina": 5,
        "Tip": 1,
        "NazivSale": "NTP 2"
      },
      {
        "Naziv": "Kreveti",
        "Kolicina": 10,
        "Tip": 0,
        "NazivSale": "NTP 2"
      }
    ],
    "Tip": 4,
    "Naziv": "NTP 2",
    "Sprat": 2,
    "Sifra": "ntp2",
    "NazivSprat": "NTP 2 2"
  },
  {
    "oprema": [
      {
        "Naziv": "Flasteri",
        "Kolicina": 10,
        "Tip": 1,
        "NazivSale": "OP1"
      },
      {
        "Naziv": "Zavoji",
        "Kolicina": 2,
        "Tip": 1,
        "NazivSale": "OP1"
      }
    ],
    "Tip": 0,
    "Naziv": "OP1",
    "Sprat": 1,
    "Sifra": "op1",
    "NazivSprat": "OP1 1"
  },
  {
    "oprema": [
      {
        "Naziv": "Flasteri",
        "Kolicina": 8,
        "Tip": 1,
        "NazivSale": "OP2"
      }
    ],
    "Tip": 0,
    "Naziv": "OP2",
    "Sprat": 2,
    "Sifra": "op2",
    "NazivSprat": "OP2 2"
  },
  {
    "oprema": [
      {
        "Naziv": "Flasteri",
        "Kolicina": 1,
        "Tip": 1,
        "NazivSale": "OP3"
      },
      {
        "Naziv": "Kreveti",
        "Kolicina": 10,
        "Tip": 0,
        "NazivSale": "OP3"
      }
    ],
    "Tip": 0,
    "Naziv": "OP3",
    "Sprat": 3,
    "Sifra": "op3",
    "NazivSprat": "OP3 3"
  },
  {
    "oprema": [],
    "Tip": 0,
    "Naziv": "vvvv",
    "Sprat": 2,
    "Sifra": "vv",
    "NazivSprat": "vvvv 2"
  }
]